{"cameraMode":{"drawMode":0,"name":"Shaded","section":"Shading Mode"},"sceneLighting":true,"audioPlay":false,"sceneViewState":{"m_AlwaysRefresh":false,"showFog":true,"showSkybox":true,"showFlares":true,"showImageEffects":true,"showParticleSystems":true,"showVisualEffectGraphs":true,"m_FxEnabled":true},"in2DMode":false,"pivot":{"x":-4.095970153808594,"y":-0.3280734717845917,"z":-0.2490217089653015},"rotation":{"x":-0.017864035442471505,"y":0.9357989430427551,"z":-0.34903067350387576,"w":-0.04773864895105362},"size":3.1708545684814455,"orthographic":true}